﻿<?xml version="1.0" encoding="utf-8"?>
<!-- XBRL Document Created with WizLabo Platform -->
<link:linkbase xmlns:xlink="http://www.w3.org/1999/xlink" xmlns:xsi="http://www.w3.org/2001/XMLSchema-instance" xmlns:link="http://www.xbrl.org/2003/linkbase">
  <link:roleRef xlink:type="simple" xlink:href="http://disclosure.edinet-fsa.go.jp/taxonomy/jpcrp/2022-11-01/jpcrp_rt_2022-11-01.xsd#rol_IndependentAuditorsReport" roleURI="http://disclosure.edinet-fsa.go.jp/role/jpcrp/rol_IndependentAuditorsReport" />
  <link:roleRef xlink:type="simple" xlink:href="http://disclosure.edinet-fsa.go.jp/taxonomy/jpcrp/2022-11-01/jpcrp_rt_2022-11-01.xsd#rol_IndependentAuditorsReportKAM" roleURI="http://disclosure.edinet-fsa.go.jp/role/jpcrp/rol_IndependentAuditorsReportKAM" />
  <link:presentationLink xlink:type="extended" xlink:role="http://disclosure.edinet-fsa.go.jp/role/jpcrp/rol_IndependentAuditorsReport">
    <link:loc xlink:type="locator" xlink:href="http://disclosure.edinet-fsa.go.jp/taxonomy/jpcrp/2022-11-01/jpcrp_cor_2022-11-01.xsd#jpcrp_cor_AuditFirm1NonConsolidated" xlink:label="jpcrp_cor_AuditFirm1NonConsolidated" />
    <link:loc xlink:type="locator" xlink:href="http://disclosure.edinet-fsa.go.jp/taxonomy/jpcrp/2022-11-01/jpcrp_cor_2022-11-01.xsd#jpcrp_cor_CPA1AuditFirm1NonConsolidated" xlink:label="jpcrp_cor_CPA1AuditFirm1NonConsolidated" />
    <link:loc xlink:type="locator" xlink:href="http://disclosure.edinet-fsa.go.jp/taxonomy/jpcrp/2022-11-01/jpcrp_cor_2022-11-01.xsd#jpcrp_cor_CPA2AuditFirm1NonConsolidated" xlink:label="jpcrp_cor_CPA2AuditFirm1NonConsolidated" />
    <link:loc xlink:type="locator" xlink:href="http://disclosure.edinet-fsa.go.jp/taxonomy/jpcrp/2022-11-01/jpcrp_cor_2022-11-01.xsd#jpcrp_cor_CPA3AuditFirm1NonConsolidated" xlink:label="jpcrp_cor_CPA3AuditFirm1NonConsolidated" />
    <link:loc xlink:type="locator" xlink:href="http://disclosure.edinet-fsa.go.jp/taxonomy/jpcrp/2022-11-01/jpcrp_cor_2022-11-01.xsd#jpcrp_cor_IndependentAuditorsReportHeading" xlink:label="jpcrp_cor_IndependentAuditorsReportHeading" />
    <link:loc xlink:type="locator" xlink:href="http://disclosure.edinet-fsa.go.jp/taxonomy/jpcrp/2022-11-01/jpcrp_cor_2022-11-01.xsd#jpcrp_cor_IndependentAuditorsReportNonConsolidatedTextBlock" xlink:label="jpcrp_cor_IndependentAuditorsReportNonConsolidatedTextBlock" />
    <link:loc xlink:type="locator" xlink:href="http://disclosure.edinet-fsa.go.jp/taxonomy/jpcrp/2022-11-01/jpcrp_cor_2022-11-01.xsd#jpcrp_cor_KeyAuditMattersNonConsolidatedTextBlock" xlink:label="jpcrp_cor_KeyAuditMattersNonConsolidatedTextBlock" />
    <link:loc xlink:type="locator" xlink:href="http://disclosure.edinet-fsa.go.jp/taxonomy/jpcrp/2022-11-01/jpcrp_cor_2022-11-01.xsd#jpcrp_cor_OtherInformationNonConsolidatedTextBlock" xlink:label="jpcrp_cor_OtherInformationNonConsolidatedTextBlock" />
    <link:loc xlink:type="locator" xlink:href="http://disclosure.edinet-fsa.go.jp/taxonomy/jpcrp/2022-11-01/jpcrp_cor_2022-11-01.xsd#jpcrp_cor_OverviewKAMNonConsolidatedTextBlock" xlink:label="jpcrp_cor_OverviewKAMNonConsolidatedTextBlock" />
    <link:loc xlink:type="locator" xlink:href="jpaud-aar-cn-001_E03061-000_2024-02-29_01_2024-05-30.xsd#jpaud-aar-cn_E03061-000_FeeRelatedInformationNonConsolidatedTextBlock" xlink:label="jpaud-aar-cn_E03061-000_FeeRelatedInformationNonConsolidatedTextBlock" />
    <link:presentationArc xlink:type="arc" xlink:from="jpcrp_cor_AuditFirm1NonConsolidated" xlink:to="jpcrp_cor_CPA1AuditFirm1NonConsolidated" xlink:arcrole="http://www.xbrl.org/2003/arcrole/parent-child" order="1" />
    <link:presentationArc xlink:type="arc" xlink:from="jpcrp_cor_AuditFirm1NonConsolidated" xlink:to="jpcrp_cor_CPA2AuditFirm1NonConsolidated" xlink:arcrole="http://www.xbrl.org/2003/arcrole/parent-child" order="2" />
    <link:presentationArc xlink:type="arc" xlink:from="jpcrp_cor_AuditFirm1NonConsolidated" xlink:to="jpcrp_cor_CPA3AuditFirm1NonConsolidated" xlink:arcrole="http://www.xbrl.org/2003/arcrole/parent-child" order="3" />
    <link:presentationArc xlink:type="arc" xlink:from="jpcrp_cor_IndependentAuditorsReportHeading" xlink:to="jpcrp_cor_IndependentAuditorsReportNonConsolidatedTextBlock" xlink:arcrole="http://www.xbrl.org/2003/arcrole/parent-child" order="1" />
    <link:presentationArc xlink:type="arc" xlink:from="jpcrp_cor_IndependentAuditorsReportNonConsolidatedTextBlock" xlink:to="jpcrp_cor_AuditFirm1NonConsolidated" xlink:arcrole="http://www.xbrl.org/2003/arcrole/parent-child" order="1" />
    <link:presentationArc xlink:type="arc" xlink:from="jpcrp_cor_IndependentAuditorsReportNonConsolidatedTextBlock" xlink:to="jpcrp_cor_KeyAuditMattersNonConsolidatedTextBlock" xlink:arcrole="http://www.xbrl.org/2003/arcrole/parent-child" order="2" />
    <link:presentationArc xlink:type="arc" xlink:from="jpcrp_cor_IndependentAuditorsReportNonConsolidatedTextBlock" xlink:to="jpcrp_cor_OtherInformationNonConsolidatedTextBlock" xlink:arcrole="http://www.xbrl.org/2003/arcrole/parent-child" order="3" />
    <link:presentationArc xlink:type="arc" xlink:from="jpcrp_cor_IndependentAuditorsReportNonConsolidatedTextBlock" xlink:to="jpaud-aar-cn_E03061-000_FeeRelatedInformationNonConsolidatedTextBlock" xlink:arcrole="http://www.xbrl.org/2003/arcrole/parent-child" order="4" />
    <link:presentationArc xlink:type="arc" xlink:from="jpcrp_cor_KeyAuditMattersNonConsolidatedTextBlock" xlink:to="jpcrp_cor_OverviewKAMNonConsolidatedTextBlock" xlink:arcrole="http://www.xbrl.org/2003/arcrole/parent-child" order="1" />
  </link:presentationLink>
  <link:presentationLink xlink:type="extended" xlink:role="http://disclosure.edinet-fsa.go.jp/role/jpcrp/rol_IndependentAuditorsReportKAM">
    <link:loc xlink:type="locator" xlink:href="http://disclosure.edinet-fsa.go.jp/taxonomy/jpcrp/2022-11-01/jpcrp_cor_2022-11-01.xsd#jpcrp_cor_AuditorsResponseKAMNonConsolidatedTextBlock" xlink:label="jpcrp_cor_AuditorsResponseKAMNonConsolidatedTextBlock" />
    <link:loc xlink:type="locator" xlink:href="http://disclosure.edinet-fsa.go.jp/taxonomy/jpcrp/2022-11-01/jpcrp_cor_2022-11-01.xsd#jpcrp_cor_DescriptionIncludingReasonKAMNonConsolidatedTextBlock" xlink:label="jpcrp_cor_DescriptionIncludingReasonKAMNonConsolidatedTextBlock" />
    <link:loc xlink:type="locator" xlink:href="http://disclosure.edinet-fsa.go.jp/taxonomy/jpcrp/2022-11-01/jpcrp_cor_2022-11-01.xsd#jpcrp_cor_IndependentAuditorsReportHeading" xlink:label="jpcrp_cor_IndependentAuditorsReportHeading" />
    <link:loc xlink:type="locator" xlink:href="http://disclosure.edinet-fsa.go.jp/taxonomy/jpcrp/2022-11-01/jpcrp_cor_2022-11-01.xsd#jpcrp_cor_KeyAuditMattersDetailAbstract" xlink:label="jpcrp_cor_KeyAuditMattersDetailAbstract" />
    <link:loc xlink:type="locator" xlink:href="http://disclosure.edinet-fsa.go.jp/taxonomy/jpcrp/2022-11-01/jpcrp_cor_2022-11-01.xsd#jpcrp_cor_KeyAuditMattersNonConsolidatedLineItems" xlink:label="jpcrp_cor_KeyAuditMattersNonConsolidatedLineItems" />
    <link:loc xlink:type="locator" xlink:href="http://disclosure.edinet-fsa.go.jp/taxonomy/jpcrp/2022-11-01/jpcrp_cor_2022-11-01.xsd#jpcrp_cor_KeyAuditMattersTable" xlink:label="jpcrp_cor_KeyAuditMattersTable" />
    <link:loc xlink:type="locator" xlink:href="http://disclosure.edinet-fsa.go.jp/taxonomy/jpcrp/2022-11-01/jpcrp_cor_2022-11-01.xsd#jpcrp_cor_Reference2KAMNonConsolidated" xlink:label="jpcrp_cor_Reference2KAMNonConsolidated" />
    <link:loc xlink:type="locator" xlink:href="http://disclosure.edinet-fsa.go.jp/taxonomy/jpcrp/2022-11-01/jpcrp_cor_2022-11-01.xsd#jpcrp_cor_ReferenceKAMNonConsolidated" xlink:label="jpcrp_cor_ReferenceKAMNonConsolidated" />
    <link:loc xlink:type="locator" xlink:href="http://disclosure.edinet-fsa.go.jp/taxonomy/jpcrp/2022-11-01/jpcrp_cor_2022-11-01.xsd#jpcrp_cor_Row1Member" xlink:label="jpcrp_cor_Row1Member" />
    <link:loc xlink:type="locator" xlink:href="http://disclosure.edinet-fsa.go.jp/taxonomy/jpcrp/2022-11-01/jpcrp_cor_2022-11-01.xsd#jpcrp_cor_SequentialNumbersAxis" xlink:label="jpcrp_cor_SequentialNumbersAxis" />
    <link:loc xlink:type="locator" xlink:href="http://disclosure.edinet-fsa.go.jp/taxonomy/jpcrp/2022-11-01/jpcrp_cor_2022-11-01.xsd#jpcrp_cor_ShortDescriptionKAMNonConsolidated" xlink:label="jpcrp_cor_ShortDescriptionKAMNonConsolidated" />
    <link:presentationArc xlink:type="arc" xlink:from="jpcrp_cor_IndependentAuditorsReportHeading" xlink:to="jpcrp_cor_KeyAuditMattersDetailAbstract" xlink:arcrole="http://www.xbrl.org/2003/arcrole/parent-child" order="1" />
    <link:presentationArc xlink:type="arc" xlink:from="jpcrp_cor_KeyAuditMattersDetailAbstract" xlink:to="jpcrp_cor_KeyAuditMattersTable" xlink:arcrole="http://www.xbrl.org/2003/arcrole/parent-child" order="1" />
    <link:presentationArc xlink:type="arc" xlink:from="jpcrp_cor_KeyAuditMattersDetailAbstract" xlink:to="jpcrp_cor_KeyAuditMattersNonConsolidatedLineItems" xlink:arcrole="http://www.xbrl.org/2003/arcrole/parent-child" order="2" />
    <link:presentationArc xlink:type="arc" xlink:from="jpcrp_cor_KeyAuditMattersNonConsolidatedLineItems" xlink:to="jpcrp_cor_ShortDescriptionKAMNonConsolidated" xlink:arcrole="http://www.xbrl.org/2003/arcrole/parent-child" order="1" />
    <link:presentationArc xlink:type="arc" xlink:from="jpcrp_cor_KeyAuditMattersNonConsolidatedLineItems" xlink:to="jpcrp_cor_ReferenceKAMNonConsolidated" xlink:arcrole="http://www.xbrl.org/2003/arcrole/parent-child" order="2" />
    <link:presentationArc xlink:type="arc" xlink:from="jpcrp_cor_KeyAuditMattersNonConsolidatedLineItems" xlink:to="jpcrp_cor_Reference2KAMNonConsolidated" xlink:arcrole="http://www.xbrl.org/2003/arcrole/parent-child" order="3" />
    <link:presentationArc xlink:type="arc" xlink:from="jpcrp_cor_KeyAuditMattersNonConsolidatedLineItems" xlink:to="jpcrp_cor_DescriptionIncludingReasonKAMNonConsolidatedTextBlock" xlink:arcrole="http://www.xbrl.org/2003/arcrole/parent-child" order="4" />
    <link:presentationArc xlink:type="arc" xlink:from="jpcrp_cor_KeyAuditMattersNonConsolidatedLineItems" xlink:to="jpcrp_cor_AuditorsResponseKAMNonConsolidatedTextBlock" xlink:arcrole="http://www.xbrl.org/2003/arcrole/parent-child" order="5" />
    <link:presentationArc xlink:type="arc" xlink:from="jpcrp_cor_KeyAuditMattersTable" xlink:to="jpcrp_cor_SequentialNumbersAxis" xlink:arcrole="http://www.xbrl.org/2003/arcrole/parent-child" order="1" />
    <link:presentationArc xlink:type="arc" xlink:from="jpcrp_cor_SequentialNumbersAxis" xlink:to="jpcrp_cor_Row1Member" xlink:arcrole="http://www.xbrl.org/2003/arcrole/parent-child" order="1" />
  </link:presentationLink>
</link:linkbase>