﻿<?xml version="1.0" encoding="utf-8"?>
<!-- XBRL Document Created with WizLabo Platform -->
<link:linkbase xmlns:xlink="http://www.w3.org/1999/xlink" xmlns:xsi="http://www.w3.org/2001/XMLSchema-instance" xmlns:link="http://www.xbrl.org/2003/linkbase">
  <link:labelLink xlink:type="extended" xlink:role="http://www.xbrl.org/2003/role/link">
    <link:label xml:lang="en" xlink:type="resource" xlink:label="jpaud-aar-cn_E03061-000_FeeRelatedInformationNonConsolidatedTextBlock_label" xlink:role="http://www.xbrl.org/2003/role/label">FeeRelatedInformation</link:label>
    <link:label xml:lang="en" xlink:type="resource" xlink:label="jpaud-aar-cn_E03061-000_FeeRelatedInformationNonConsolidatedTextBlock_label_1" xlink:role="http://www.xbrl.org/2003/role/verboseLabel">FeeRelatedInformationNonConsolidated [text block]</link:label>
    <link:loc xlink:type="locator" xlink:href="jpaud-aar-cn-001_E03061-000_2024-02-29_01_2024-05-30.xsd#jpaud-aar-cn_E03061-000_FeeRelatedInformationNonConsolidatedTextBlock" xlink:label="jpaud-aar-cn_E03061-000_FeeRelatedInformationNonConsolidatedTextBlock" />
    <link:labelArc xlink:type="arc" xlink:from="jpaud-aar-cn_E03061-000_FeeRelatedInformationNonConsolidatedTextBlock" xlink:to="jpaud-aar-cn_E03061-000_FeeRelatedInformationNonConsolidatedTextBlock_label" xlink:arcrole="http://www.xbrl.org/2003/arcrole/concept-label" order="1" />
    <link:labelArc xlink:type="arc" xlink:from="jpaud-aar-cn_E03061-000_FeeRelatedInformationNonConsolidatedTextBlock" xlink:to="jpaud-aar-cn_E03061-000_FeeRelatedInformationNonConsolidatedTextBlock_label_1" xlink:arcrole="http://www.xbrl.org/2003/arcrole/concept-label" order="1" />
  </link:labelLink>
</link:linkbase>