<?xml version="1.0" encoding="utf-8"?>
<!-- Generated by PRONEXUS WORKS -->
<link:linkbase xmlns:link="http://www.xbrl.org/2003/linkbase" xmlns:xsi="http://www.w3.org/2001/XMLSchema-instance" xmlns:xbrli="http://www.xbrl.org/2003/instance" xmlns:xlink="http://www.w3.org/1999/xlink">
  <link:roleRef xlink:type="simple" roleURI="http://disclosure.edinet-fsa.go.jp/role/jpcrp/rol_IndependentAuditorsReport" xlink:href="http://disclosure.edinet-fsa.go.jp/taxonomy/jpcrp/2023-12-01/jpcrp_rt_2023-12-01.xsd#rol_IndependentAuditorsReport" />
  <link:roleRef xlink:type="simple" roleURI="http://disclosure.edinet-fsa.go.jp/role/jpcrp/rol_IndependentAuditorsReportKAM" xlink:href="http://disclosure.edinet-fsa.go.jp/taxonomy/jpcrp/2023-12-01/jpcrp_rt_2023-12-01.xsd#rol_IndependentAuditorsReportKAM" />
  <link:presentationLink xlink:type="extended" xlink:role="http://disclosure.edinet-fsa.go.jp/role/jpcrp/rol_IndependentAuditorsReportKAM">
    <link:loc xlink:type="locator" xlink:href="http://disclosure.edinet-fsa.go.jp/taxonomy/jpcrp/2023-12-01/jpcrp_cor_2023-12-01.xsd#jpcrp_cor_IndependentAuditorsReportHeading" xlink:label="IndependentAuditorsReportHeading" />
    <link:loc xlink:type="locator" xlink:href="http://disclosure.edinet-fsa.go.jp/taxonomy/jpcrp/2023-12-01/jpcrp_cor_2023-12-01.xsd#jpcrp_cor_KeyAuditMattersDetailAbstract" xlink:label="KeyAuditMattersDetailAbstract_2" />
    <link:presentationArc xlink:type="arc" xlink:arcrole="http://www.xbrl.org/2003/arcrole/parent-child" xlink:from="IndependentAuditorsReportHeading" xlink:to="KeyAuditMattersDetailAbstract_2" order="1.0" />
    <link:loc xlink:type="locator" xlink:href="http://disclosure.edinet-fsa.go.jp/taxonomy/jpcrp/2023-12-01/jpcrp_cor_2023-12-01.xsd#jpcrp_cor_KeyAuditMattersDetailAbstract" xlink:label="KeyAuditMattersDetailAbstract" />
    <link:loc xlink:type="locator" xlink:href="http://disclosure.edinet-fsa.go.jp/taxonomy/jpcrp/2023-12-01/jpcrp_cor_2023-12-01.xsd#jpcrp_cor_KeyAuditMattersTable" xlink:label="KeyAuditMattersTable_2" />
    <link:presentationArc xlink:type="arc" xlink:arcrole="http://www.xbrl.org/2003/arcrole/parent-child" xlink:from="KeyAuditMattersDetailAbstract" xlink:to="KeyAuditMattersTable_2" order="1.0" />
    <link:loc xlink:type="locator" xlink:href="http://disclosure.edinet-fsa.go.jp/taxonomy/jpcrp/2023-12-01/jpcrp_cor_2023-12-01.xsd#jpcrp_cor_KeyAuditMattersTable" xlink:label="KeyAuditMattersTable" />
    <link:loc xlink:type="locator" xlink:href="http://disclosure.edinet-fsa.go.jp/taxonomy/jpcrp/2023-12-01/jpcrp_cor_2023-12-01.xsd#jpcrp_cor_SequentialNumbersAxis" xlink:label="SequentialNumbersAxis_2" />
    <link:presentationArc xlink:type="arc" xlink:arcrole="http://www.xbrl.org/2003/arcrole/parent-child" xlink:from="KeyAuditMattersTable" xlink:to="SequentialNumbersAxis_2" order="1.0" />
    <link:loc xlink:type="locator" xlink:href="http://disclosure.edinet-fsa.go.jp/taxonomy/jpcrp/2023-12-01/jpcrp_cor_2023-12-01.xsd#jpcrp_cor_SequentialNumbersAxis" xlink:label="SequentialNumbersAxis" />
    <link:loc xlink:type="locator" xlink:href="http://disclosure.edinet-fsa.go.jp/taxonomy/jpcrp/2023-12-01/jpcrp_cor_2023-12-01.xsd#jpcrp_cor_Row1Member" xlink:label="Row1Member" />
    <link:presentationArc xlink:type="arc" xlink:arcrole="http://www.xbrl.org/2003/arcrole/parent-child" xlink:from="SequentialNumbersAxis" xlink:to="Row1Member" order="1.0" />
    <link:loc xlink:type="locator" xlink:href="http://disclosure.edinet-fsa.go.jp/taxonomy/jpcrp/2023-12-01/jpcrp_cor_2023-12-01.xsd#jpcrp_cor_KeyAuditMattersConsolidatedLineItems" xlink:label="KeyAuditMattersConsolidatedLineItems_2" />
    <link:presentationArc xlink:type="arc" xlink:arcrole="http://www.xbrl.org/2003/arcrole/parent-child" xlink:from="KeyAuditMattersDetailAbstract" xlink:to="KeyAuditMattersConsolidatedLineItems_2" order="2.0" />
    <link:loc xlink:type="locator" xlink:href="http://disclosure.edinet-fsa.go.jp/taxonomy/jpcrp/2023-12-01/jpcrp_cor_2023-12-01.xsd#jpcrp_cor_KeyAuditMattersConsolidatedLineItems" xlink:label="KeyAuditMattersConsolidatedLineItems" />
    <link:loc xlink:type="locator" xlink:href="http://disclosure.edinet-fsa.go.jp/taxonomy/jpcrp/2023-12-01/jpcrp_cor_2023-12-01.xsd#jpcrp_cor_ShortDescriptionKAMConsolidated" xlink:label="ShortDescriptionKAMConsolidated" />
    <link:presentationArc xlink:type="arc" xlink:arcrole="http://www.xbrl.org/2003/arcrole/parent-child" xlink:from="KeyAuditMattersConsolidatedLineItems" xlink:to="ShortDescriptionKAMConsolidated" order="1.0" />
    <link:loc xlink:type="locator" xlink:href="http://disclosure.edinet-fsa.go.jp/taxonomy/jpcrp/2023-12-01/jpcrp_cor_2023-12-01.xsd#jpcrp_cor_ReferenceKAMConsolidated" xlink:label="ReferenceKAMConsolidated" />
    <link:presentationArc xlink:type="arc" xlink:arcrole="http://www.xbrl.org/2003/arcrole/parent-child" xlink:from="KeyAuditMattersConsolidatedLineItems" xlink:to="ReferenceKAMConsolidated" order="6.5" />
    <link:loc xlink:type="locator" xlink:href="http://disclosure.edinet-fsa.go.jp/taxonomy/jpcrp/2023-12-01/jpcrp_cor_2023-12-01.xsd#jpcrp_cor_DescriptionIncludingReasonKAMConsolidatedTextBlock" xlink:label="DescriptionIncludingReasonKAMConsolidatedTextBlock" />
    <link:presentationArc xlink:type="arc" xlink:arcrole="http://www.xbrl.org/2003/arcrole/parent-child" xlink:from="KeyAuditMattersConsolidatedLineItems" xlink:to="DescriptionIncludingReasonKAMConsolidatedTextBlock" order="9.75" />
    <link:loc xlink:type="locator" xlink:href="http://disclosure.edinet-fsa.go.jp/taxonomy/jpcrp/2023-12-01/jpcrp_cor_2023-12-01.xsd#jpcrp_cor_AuditorsResponseKAMConsolidatedTextBlock" xlink:label="AuditorsResponseKAMConsolidatedTextBlock" />
    <link:presentationArc xlink:type="arc" xlink:arcrole="http://www.xbrl.org/2003/arcrole/parent-child" xlink:from="KeyAuditMattersConsolidatedLineItems" xlink:to="AuditorsResponseKAMConsolidatedTextBlock" order="10.75" />
  </link:presentationLink>
  <link:presentationLink xlink:type="extended" xlink:role="http://disclosure.edinet-fsa.go.jp/role/jpcrp/rol_IndependentAuditorsReport">
    <link:loc xlink:type="locator" xlink:href="http://disclosure.edinet-fsa.go.jp/taxonomy/jpcrp/2023-12-01/jpcrp_cor_2023-12-01.xsd#jpcrp_cor_IndependentAuditorsReportHeading" xlink:label="IndependentAuditorsReportHeading" />
    <link:loc xlink:type="locator" xlink:href="http://disclosure.edinet-fsa.go.jp/taxonomy/jpcrp/2023-12-01/jpcrp_cor_2023-12-01.xsd#jpcrp_cor_IndependentAuditorsReportConsolidatedTextBlock" xlink:label="IndependentAuditorsReportConsolidatedTextBlock_2" />
    <link:presentationArc xlink:type="arc" xlink:arcrole="http://www.xbrl.org/2003/arcrole/parent-child" xlink:from="IndependentAuditorsReportHeading" xlink:to="IndependentAuditorsReportConsolidatedTextBlock_2" order="1.0" />
    <link:loc xlink:type="locator" xlink:href="http://disclosure.edinet-fsa.go.jp/taxonomy/jpcrp/2023-12-01/jpcrp_cor_2023-12-01.xsd#jpcrp_cor_IndependentAuditorsReportConsolidatedTextBlock" xlink:label="IndependentAuditorsReportConsolidatedTextBlock" />
    <link:loc xlink:type="locator" xlink:href="http://disclosure.edinet-fsa.go.jp/taxonomy/jpcrp/2023-12-01/jpcrp_cor_2023-12-01.xsd#jpcrp_cor_AuditFirm1Consolidated" xlink:label="AuditFirm1Consolidated_2" />
    <link:presentationArc xlink:type="arc" xlink:arcrole="http://www.xbrl.org/2003/arcrole/parent-child" xlink:from="IndependentAuditorsReportConsolidatedTextBlock" xlink:to="AuditFirm1Consolidated_2" order="1.5" />
    <link:loc xlink:type="locator" xlink:href="http://disclosure.edinet-fsa.go.jp/taxonomy/jpcrp/2023-12-01/jpcrp_cor_2023-12-01.xsd#jpcrp_cor_AuditFirm1Consolidated" xlink:label="AuditFirm1Consolidated" />
    <link:loc xlink:type="locator" xlink:href="http://disclosure.edinet-fsa.go.jp/taxonomy/jpcrp/2023-12-01/jpcrp_cor_2023-12-01.xsd#jpcrp_cor_CPA1AuditFirm1Consolidated" xlink:label="CPA1AuditFirm1Consolidated" />
    <link:presentationArc xlink:type="arc" xlink:arcrole="http://www.xbrl.org/2003/arcrole/parent-child" xlink:from="AuditFirm1Consolidated" xlink:to="CPA1AuditFirm1Consolidated" order="1.0" />
    <link:loc xlink:type="locator" xlink:href="http://disclosure.edinet-fsa.go.jp/taxonomy/jpcrp/2023-12-01/jpcrp_cor_2023-12-01.xsd#jpcrp_cor_CPA2AuditFirm1Consolidated" xlink:label="CPA2AuditFirm1Consolidated" />
    <link:presentationArc xlink:type="arc" xlink:arcrole="http://www.xbrl.org/2003/arcrole/parent-child" xlink:from="AuditFirm1Consolidated" xlink:to="CPA2AuditFirm1Consolidated" order="2.0" />
    <link:loc xlink:type="locator" xlink:href="http://disclosure.edinet-fsa.go.jp/taxonomy/jpcrp/2023-12-01/jpcrp_cor_2023-12-01.xsd#jpcrp_cor_CPA3AuditFirm1Consolidated" xlink:label="CPA3AuditFirm1Consolidated" />
    <link:presentationArc xlink:type="arc" xlink:arcrole="http://www.xbrl.org/2003/arcrole/parent-child" xlink:from="AuditFirm1Consolidated" xlink:to="CPA3AuditFirm1Consolidated" order="3.0" />
    <link:loc xlink:type="locator" xlink:href="http://disclosure.edinet-fsa.go.jp/taxonomy/jpcrp/2023-12-01/jpcrp_cor_2023-12-01.xsd#jpcrp_cor_CPA4AuditFirm1Consolidated" xlink:label="CPA4AuditFirm1Consolidated" />
    <link:presentationArc xlink:type="arc" xlink:arcrole="http://www.xbrl.org/2003/arcrole/parent-child" xlink:from="AuditFirm1Consolidated" xlink:to="CPA4AuditFirm1Consolidated" order="4.0" />
    <link:loc xlink:type="locator" xlink:href="http://disclosure.edinet-fsa.go.jp/taxonomy/jpcrp/2023-12-01/jpcrp_cor_2023-12-01.xsd#jpcrp_cor_KeyAuditMattersConsolidatedTextBlock" xlink:label="KeyAuditMattersConsolidatedTextBlock_2" />
    <link:presentationArc xlink:type="arc" xlink:arcrole="http://www.xbrl.org/2003/arcrole/parent-child" xlink:from="IndependentAuditorsReportConsolidatedTextBlock" xlink:to="KeyAuditMattersConsolidatedTextBlock_2" order="2.75" />
    <link:loc xlink:type="locator" xlink:href="http://disclosure.edinet-fsa.go.jp/taxonomy/jpcrp/2023-12-01/jpcrp_cor_2023-12-01.xsd#jpcrp_cor_KeyAuditMattersConsolidatedTextBlock" xlink:label="KeyAuditMattersConsolidatedTextBlock" />
    <link:loc xlink:type="locator" xlink:href="http://disclosure.edinet-fsa.go.jp/taxonomy/jpcrp/2023-12-01/jpcrp_cor_2023-12-01.xsd#jpcrp_cor_OverviewKAMConsolidatedTextBlock" xlink:label="OverviewKAMConsolidatedTextBlock" />
    <link:presentationArc xlink:type="arc" xlink:arcrole="http://www.xbrl.org/2003/arcrole/parent-child" xlink:from="KeyAuditMattersConsolidatedTextBlock" xlink:to="OverviewKAMConsolidatedTextBlock" order="1.0" />
    <link:loc xlink:type="locator" xlink:href="http://disclosure.edinet-fsa.go.jp/taxonomy/jpcrp/2023-12-01/jpcrp_cor_2023-12-01.xsd#jpcrp_cor_OtherInformationConsolidatedTextBlock" xlink:label="OtherInformationConsolidatedTextBlock" />
    <link:presentationArc xlink:type="arc" xlink:arcrole="http://www.xbrl.org/2003/arcrole/parent-child" xlink:from="IndependentAuditorsReportConsolidatedTextBlock" xlink:to="OtherInformationConsolidatedTextBlock" order="3.875" />
    <link:loc xlink:type="locator" xlink:href="http://disclosure.edinet-fsa.go.jp/taxonomy/jpcrp/2023-12-01/jpcrp_cor_2023-12-01.xsd#jpcrp_cor_FeeRelatedInformationConsolidatedTextBlock" xlink:label="FeeRelatedInformationConsolidatedTextBlock" />
    <link:presentationArc xlink:type="arc" xlink:arcrole="http://www.xbrl.org/2003/arcrole/parent-child" xlink:from="IndependentAuditorsReportConsolidatedTextBlock" xlink:to="FeeRelatedInformationConsolidatedTextBlock" order="4.875" />
  </link:presentationLink>
</link:linkbase>